archivo,tema,estado,consulta,titulo_fuente,url,autor,licencia
manzana/sana/001.jpg,manzana,sana,apple fruit,File:Apple (168130165).jpg,https://thumb.wikimedia.org/wikipedia/commons/thumb/8/8f/Apple_%28168130165%29.jpg/960px-Apple_%28168130165%29.jpg?utm_source=commons.wikimedia.org&utm_campaign=imageinfo&utm_content=thumbnail,"<div class=""fn value"">
<a rel=""nofollow"" class=""external text"" href=""https://500px.com/Fanni666"">Gyori Fanni</a></div>",CC0
manzana/sana/002.jpg,manzana,sana,apple fruit,File:Apple 01.jpg,https://thumb.wikimedia.org/wikipedia/commons/thumb/b/bc/Apple_01.jpg/960px-Apple_01.jpg?utm_source=commons.wikimedia.org&utm_campaign=imageinfo&utm_content=thumbnail,"<a href=""//commons.wikimedia.org/wiki/User:Anasskoko"" title=""User:Anasskoko"">Anasskoko</a>",CC BY-SA 4.0
manzana/sana/003.jpg,manzana,sana,apple fruit,File:Apple 02.jpg,https://thumb.wikimedia.org/wikipedia/commons/thumb/0/05/Apple_02.jpg/960px-Apple_02.jpg?utm_source=commons.wikimedia.org&utm_campaign=imageinfo&utm_content=thumbnail,"<a href=""//commons.wikimedia.org/wiki/User:Anasskoko"" title=""User:Anasskoko"">Anasskoko</a>",CC BY-SA 4.0
manzana/sana/004.jpg,manzana,sana,apple fruit,File:Apple 04.jpg,https://thumb.wikimedia.org/wikipedia/commons/thumb/e/e0/Apple_04.jpg/960px-Apple_04.jpg?utm_source=commons.wikimedia.org&utm_campaign=imageinfo&utm_content=thumbnail,"<a href=""//commons.wikimedia.org/wiki/User:Anasskoko"" title=""User:Anasskoko"">Anasskoko</a>",CC BY-SA 4.0
manzana/sana/005.jpg,manzana,sana,apple fruit,File:Apple 05.jpg,https://thumb.wikimedia.org/wikipedia/commons/thumb/4/49/Apple_05.jpg/960px-Apple_05.jpg?utm_source=commons.wikimedia.org&utm_campaign=imageinfo&utm_content=thumbnail,"<a href=""//commons.wikimedia.org/wiki/User:Anasskoko"" title=""User:Anasskoko"">Anasskoko</a>",CC BY-SA 4.0
manzana/sana/006.jpg,manzana,sana,apple fruit,File:Apple 06.jpg,https://thumb.wikimedia.org/wikipedia/commons/thumb/b/bc/Apple_06.jpg/960px-Apple_06.jpg?utm_source=commons.wikimedia.org&utm_campaign=imageinfo&utm_content=thumbnail,"<a href=""//commons.wikimedia.org/wiki/User:Anasskoko"" title=""User:Anasskoko"">Anasskoko</a>",CC BY-SA 4.0
manzana/sana/007.jpg,manzana,sana,apple fruit,File:Apple 3.jpg,https://thumb.wikimedia.org/wikipedia/commons/thumb/2/20/Apple_3.jpg/960px-Apple_3.jpg?utm_source=commons.wikimedia.org&utm_campaign=imageinfo&utm_content=thumbnail,"<a href=""//commons.wikimedia.org/w/index.php?title=User:ANBARASU_THIRAVIYAM&amp;action=edit&amp;redlink=1"" class=""new"" title=""User:ANBARASU THIRAVIYAM (page does not exist)"">ANBARASU THIRAVIYAM</a>",CC BY-SA 4.0
manzana/sana/008.jpg,manzana,sana,apple fruit,File:Apple Fruit.jpg,https://thumb.wikimedia.org/wikipedia/commons/thumb/7/79/Apple_Fruit.jpg/960px-Apple_Fruit.jpg?utm_source=commons.wikimedia.org&utm_campaign=imageinfo&utm_content=thumbnail,"<a href=""//commons.wikimedia.org/wiki/User:Iwai-Dialax"" title=""User:Iwai-Dialax"">Iwai-Dialax</a>",CC BY 4.0
banano/sana/001.jpg,banano,sana,banana fruit,File:Banana-Sitia-Crete.jpg,https://thumb.wikimedia.org/wikipedia/commons/thumb/7/78/Banana-Sitia-Crete.jpg/960px-Banana-Sitia-Crete.jpg?utm_source=commons.wikimedia.org&utm_campaign=imageinfo&utm_content=thumbnail,"<a href=""//commons.wikimedia.org/wiki/User:Petro_Stelte"" title=""User:Petro Stelte"">Petro Stelte</a>",CC BY-SA 4.0
banano/sana/002.jpg,banano,sana,banana fruit,File:Banana (71469767).jpeg,https://thumb.wikimedia.org/wikipedia/commons/thumb/2/20/Banana_%2871469767%29.jpeg/960px-Banana_%2871469767%29.jpeg?utm_source=commons.wikimedia.org&utm_campaign=imageinfo&utm_content=thumbnail,"<div class=""fn value"">
<a rel=""nofollow"" class=""external text"" href=""https://500px.com/aaroncoretazar"">Aaron Cortazar</a></div>",CC BY 3.0
banano/sana/003.jpg,banano,sana,banana fruit,File:Banana Inflorescence with fruit.jpg,https://thumb.wikimedia.org/wikipedia/commons/thumb/c/c2/Banana_Inflorescence_with_fruit.jpg/960px-Banana_Inflorescence_with_fruit.jpg?utm_source=commons.wikimedia.org&utm_campaign=imageinfo&utm_content=thumbnail,"<a href=""//commons.wikimedia.org/wiki/User:Aneeshnl"" title=""User:Aneeshnl"">Anish Sheela</a>",CC BY 4.0
banano/sana/004.jpg,banano,sana,banana fruit,File:Banana and Orange in Yuen Long.jpg,https://thumb.wikimedia.org/wikipedia/commons/thumb/e/e0/Banana_and_Orange_in_Yuen_Long.jpg/960px-Banana_and_Orange_in_Yuen_Long.jpg?utm_source=commons.wikimedia.org&utm_campaign=imageinfo&utm_content=thumbnail,"<a href=""//commons.wikimedia.org/wiki/User:Peachyeung316"" title=""User:Peachyeung316"">Peachyeung316</a>",CC BY-SA 4.0
banano/sana/005.jpg,banano,sana,banana fruit,File:Banana for your health.jpg,https://thumb.wikimedia.org/wikipedia/commons/thumb/6/6a/Banana_for_your_health.jpg/960px-Banana_for_your_health.jpg?utm_source=commons.wikimedia.org&utm_campaign=imageinfo&utm_content=thumbnail,Suleman Abdul Fatawu,CC BY-SA 4.0
banano/sana/006.jpg,banano,sana,banana fruit,File:Banana fruit (musa).jpg,https://thumb.wikimedia.org/wikipedia/commons/thumb/4/43/Banana_fruit_%28musa%29.jpg/960px-Banana_fruit_%28musa%29.jpg?utm_source=commons.wikimedia.org&utm_campaign=imageinfo&utm_content=thumbnail,"<a href=""//commons.wikimedia.org/w/index.php?title=User:DEEPAN_RAJA_.M&amp;action=edit&amp;redlink=1"" class=""new"" title=""User:DEEPAN RAJA .M (page does not exist)"">DEEPAN RAJA .M</a>",CC BY-SA 4.0
banano/sana/007.jpg,banano,sana,banana fruit,File:Banana fruit pod.jpg,https://thumb.wikimedia.org/wikipedia/commons/thumb/a/a2/Banana_fruit_pod.jpg/960px-Banana_fruit_pod.jpg?utm_source=commons.wikimedia.org&utm_campaign=imageinfo&utm_content=thumbnail,"<a href=""//commons.wikimedia.org/w/index.php?title=User:Deishini_Mariam&amp;action=edit&amp;redlink=1"" class=""new"" title=""User:Deishini Mariam (page does not exist)"">Deishini Mariam</a>",CC BY-SA 4.0
banano/sana/008.jpg,banano,sana,banana fruit,File:Banana fruits.jpg,https://thumb.wikimedia.org/wikipedia/commons/thumb/c/c3/Banana_fruits.jpg/960px-Banana_fruits.jpg?utm_source=commons.wikimedia.org&utm_campaign=imageinfo&utm_content=thumbnail,"<a href=""//commons.wikimedia.org/w/index.php?title=User:Subash_Bose_29&amp;action=edit&amp;redlink=1"" class=""new"" title=""User:Subash Bose 29 (page does not exist)"">Subash Bose 29</a>",CC BY-SA 4.0
cereza/sana/001.jpg,cereza,sana,cherry fruit,File:02024 0426 Silesian fruit cherry cake.jpg,https://thumb.wikimedia.org/wikipedia/commons/thumb/8/8f/02024_0426_Silesian_fruit_cherry_cake.jpg/960px-02024_0426_Silesian_fruit_cherry_cake.jpg?utm_source=commons.wikimedia.org&utm_campaign=imageinfo&utm_content=thumbnail,"<a href=""//commons.wikimedia.org/w/index.php?title=User:Silar&amp;action=edit&amp;redlink=1"" class=""new"" title=""User:Silar (page does not exist)"">Silar</a>",CC BY-SA 4.0
cereza/sana/002.jpg,cereza,sana,cherry fruit,File:02024 0429 Silesian fruit cherry cake.jpg,https://thumb.wikimedia.org/wikipedia/commons/thumb/d/d5/02024_0429_Silesian_fruit_cherry_cake.jpg/960px-02024_0429_Silesian_fruit_cherry_cake.jpg?utm_source=commons.wikimedia.org&utm_campaign=imageinfo&utm_content=thumbnail,"<a href=""//commons.wikimedia.org/w/index.php?title=User:Silar&amp;action=edit&amp;redlink=1"" class=""new"" title=""User:Silar (page does not exist)"">Silar</a>",CC BY-SA 4.0
cereza/sana/003.jpg,cereza,sana,cherry fruit,File:Barbodas cherry fruit.jpg,https://thumb.wikimedia.org/wikipedia/commons/thumb/5/50/Barbodas_cherry_fruit.jpg/960px-Barbodas_cherry_fruit.jpg?utm_source=commons.wikimedia.org&utm_campaign=imageinfo&utm_content=thumbnail,"<a href=""//commons.wikimedia.org/w/index.php?title=User:Sowndarya_duraisamy&amp;action=edit&amp;redlink=1"" class=""new"" title=""User:Sowndarya duraisamy (page does not exist)"">Sowndarya duraisamy</a>",CC BY-SA 4.0
cereza/sana/004.jpg,cereza,sana,cherry fruit,File:Bing Cherries (USDA ARS).jpg,https://thumb.wikimedia.org/wikipedia/commons/thumb/4/40/Bing_Cherries_%28USDA_ARS%29.jpg/960px-Bing_Cherries_%28USDA_ARS%29.jpg?utm_source=commons.wikimedia.org&utm_campaign=imageinfo&utm_content=thumbnail,"Peggy Greb, USDA ARS",Public domain
cereza/sana/005.jpg,cereza,sana,cherry fruit,File:Black Cherry Aphid.jpg,https://thumb.wikimedia.org/wikipedia/commons/thumb/1/1d/Black_Cherry_Aphid.jpg/960px-Black_Cherry_Aphid.jpg?utm_source=commons.wikimedia.org&utm_campaign=imageinfo&utm_content=thumbnail,"<a href=""//commons.wikimedia.org/w/index.php?title=User:ML5&amp;action=edit&amp;redlink=1"" class=""new"" title=""User:ML5 (page does not exist)"">ML5</a>",CC0
cereza/sana/006.jpg,cereza,sana,cherry fruit,File:Cherries cherry branch fruit red 826113.jpg,https://thumb.wikimedia.org/wikipedia/commons/thumb/2/23/Cherries_cherry_branch_fruit_red_826113.jpg/960px-Cherries_cherry_branch_fruit_red_826113.jpg?utm_source=commons.wikimedia.org&utm_campaign=imageinfo&utm_content=thumbnail,"<a rel=""nofollow"" class=""external text"" href=""https://pixabay.com/en/users/Schueler-Design-530319/"">Schueler-Design</a>",CC0
cereza/sana/007.jpg,cereza,sana,cherry fruit,File:Cherry-tree-with-cherry-fruit.jpg,https://thumb.wikimedia.org/wikipedia/commons/thumb/4/44/Cherry-tree-with-cherry-fruit.jpg/960px-Cherry-tree-with-cherry-fruit.jpg?utm_source=commons.wikimedia.org&utm_campaign=imageinfo&utm_content=thumbnail,Nagahito Yuki,CC BY-SA 2.0
cereza/sana/008.jpg,cereza,sana,cherry fruit,File:Cherry .jpg,https://thumb.wikimedia.org/wikipedia/commons/thumb/7/7a/Cherry_.jpg/960px-Cherry_.jpg?utm_source=commons.wikimedia.org&utm_campaign=imageinfo&utm_content=thumbnail,"<a rel=""nofollow"" class=""external text"" href=""http://profoundism.com/koorosh_orooj.html"">Koorosh Orooj</a>",CC BY-SA 4.0
uva/sana/001.jpg,uva,sana,grape fruit,File:A fruit stand in Mauritius.jpg,https://thumb.wikimedia.org/wikipedia/commons/thumb/8/83/A_fruit_stand_in_Mauritius.jpg/960px-A_fruit_stand_in_Mauritius.jpg?utm_source=commons.wikimedia.org&utm_campaign=imageinfo&utm_content=thumbnail,"<a rel=""nofollow"" class=""external text"" href=""https://www.flickr.com/people/13307692@N00"">Allen Brewer</a> from Baltimore, MD, USA",CC BY 2.0
uva/sana/002.jpg,uva,sana,grape fruit,File:Basket of grapes.jpg,https://thumb.wikimedia.org/wikipedia/commons/thumb/9/93/Basket_of_grapes.jpg/960px-Basket_of_grapes.jpg?utm_source=commons.wikimedia.org&utm_campaign=imageinfo&utm_content=thumbnail,"<a href=""//commons.wikimedia.org/wiki/User:Davidbena"" title=""User:Davidbena"">Davidbena</a>",CC BY-SA 4.0
uva/sana/003.jpg,uva,sana,grape fruit,"File:Berlin-Dahlem, botanischer Garten, Citrus x paradisi (Grapefruit).JPG",https://thumb.wikimedia.org/wikipedia/commons/thumb/a/a0/Berlin-Dahlem%2C_botanischer_Garten%2C_Citrus_x_paradisi_%28Grapefruit%29.JPG/960px-Berlin-Dahlem%2C_botanischer_Garten%2C_Citrus_x_paradisi_%28Grapefruit%29.JPG?utm_source=commons.wikimedia.org&utm_campaign=imageinfo&utm_content=thumbnail,"<a href=""//commons.wikimedia.org/w/index.php?title=User:Dguendel&amp;action=edit&amp;redlink=1"" class=""new"" title=""User:Dguendel (page does not exist)"">Dguendel</a>",CC BY 4.0
uva/sana/004.jpg,uva,sana,grape fruit,File:Bijelo grozde.jpg,https://upload.wikimedia.org/wikipedia/commons/2/22/Bijelo_grozde.jpg?utm_source=commons.wikimedia.org&utm_campaign=imageinfo&utm_content=thumbnail_unscaled,Samir Budimčić,CC BY-SA 2.5
uva/sana/005.jpg,uva,sana,grape fruit,File:Black grape.jpg,https://thumb.wikimedia.org/wikipedia/commons/thumb/9/9e/Black_grape.jpg/960px-Black_grape.jpg?utm_source=commons.wikimedia.org&utm_campaign=imageinfo&utm_content=thumbnail,"<a href=""//commons.wikimedia.org/wiki/User:Liridon"" title=""User:Liridon"">Liridon</a>",CC BY-SA 4.0
uva/sana/006.jpg,uva,sana,grape fruit,File:Blue Grapes.jpg,https://upload.wikimedia.org/wikipedia/commons/3/3b/Blue_Grapes.jpg?utm_source=commons.wikimedia.org&utm_campaign=imageinfo&utm_content=thumbnail_unscaled,"<a href=""//commons.wikimedia.org/w/index.php?title=User:Jovan_Chris_Barboza&amp;action=edit&amp;redlink=1"" class=""new"" title=""User:Jovan Chris Barboza (page does not exist)"">Jovan Chris Barboza</a>",CC BY-SA 4.0
uva/sana/007.jpg,uva,sana,grape fruit,File:Citrus-x-paradisi-20080322.JPG,https://thumb.wikimedia.org/wikipedia/commons/thumb/4/47/Citrus-x-paradisi-20080322.JPG/960px-Citrus-x-paradisi-20080322.JPG?utm_source=commons.wikimedia.org&utm_campaign=imageinfo&utm_content=thumbnail,"<a href=""//commons.wikimedia.org/wiki/User:Miwasatoshi"" title=""User:Miwasatoshi"">Miwasatoshi</a>",CC BY-SA 4.0
uva/sana/008.jpg,uva,sana,grape fruit,File:Citrus Sinensis and ×Paradisi.png,https://thumb.wikimedia.org/wikipedia/commons/thumb/3/37/Citrus_Sinensis_and_%C3%97Paradisi.png/960px-Citrus_Sinensis_and_%C3%97Paradisi.png?utm_source=commons.wikimedia.org&utm_campaign=imageinfo&utm_content=thumbnail,"<a href=""//commons.wikimedia.org/wiki/User:Pdreijnders"" title=""User:Pdreijnders"">Pdreijnders</a>",CC BY-SA 3.0
limon/sana/001.jpg,limon,sana,lemon fruit,"File:013Stewed milkfish, tomatoes and eggplant with cotton fruit and lemon grass broth 11.jpg",https://thumb.wikimedia.org/wikipedia/commons/thumb/c/c1/013Stewed_milkfish%2C_tomatoes_and_eggplant_with_cotton_fruit_and_lemon_grass_broth_11.jpg/960px-013Stewed_milkfish%2C_tomatoes_and_eggplant_with_cotton_fruit_and_lemon_grass_broth_11.jpg?utm_source=commons.wikimedia.org&utm_campaign=imageinfo&utm_content=thumbnail,"<a href=""//commons.wikimedia.org/wiki/User:JFVelasquez_Floro"" title=""User:JFVelasquez Floro"">JFVelasquez Floro</a>",CC0
limon/sana/002.jpg,limon,sana,lemon fruit,"File:013Stewed milkfish, tomatoes and eggplant with cotton fruit and lemon grass broth 12.jpg",https://thumb.wikimedia.org/wikipedia/commons/thumb/d/de/013Stewed_milkfish%2C_tomatoes_and_eggplant_with_cotton_fruit_and_lemon_grass_broth_12.jpg/960px-013Stewed_milkfish%2C_tomatoes_and_eggplant_with_cotton_fruit_and_lemon_grass_broth_12.jpg?utm_source=commons.wikimedia.org&utm_campaign=imageinfo&utm_content=thumbnail,"<a href=""//commons.wikimedia.org/wiki/User:JFVelasquez_Floro"" title=""User:JFVelasquez Floro"">JFVelasquez Floro</a>",CC0
limon/sana/003.jpg,limon,sana,lemon fruit,"File:013Stewed milkfish, tomatoes and eggplant with cotton fruit and lemon grass broth 17.jpg",https://thumb.wikimedia.org/wikipedia/commons/thumb/2/2b/013Stewed_milkfish%2C_tomatoes_and_eggplant_with_cotton_fruit_and_lemon_grass_broth_17.jpg/960px-013Stewed_milkfish%2C_tomatoes_and_eggplant_with_cotton_fruit_and_lemon_grass_broth_17.jpg?utm_source=commons.wikimedia.org&utm_campaign=imageinfo&utm_content=thumbnail,"<a href=""//commons.wikimedia.org/wiki/User:JFVelasquez_Floro"" title=""User:JFVelasquez Floro"">JFVelasquez Floro</a>",CC0
limon/sana/004.jpg,limon,sana,lemon fruit,"File:013Stewed milkfish, tomatoes and eggplant with cotton fruit and lemon grass broth 22.jpg",https://thumb.wikimedia.org/wikipedia/commons/thumb/1/13/013Stewed_milkfish%2C_tomatoes_and_eggplant_with_cotton_fruit_and_lemon_grass_broth_22.jpg/960px-013Stewed_milkfish%2C_tomatoes_and_eggplant_with_cotton_fruit_and_lemon_grass_broth_22.jpg?utm_source=commons.wikimedia.org&utm_campaign=imageinfo&utm_content=thumbnail,"<a href=""//commons.wikimedia.org/wiki/User:JFVelasquez_Floro"" title=""User:JFVelasquez Floro"">JFVelasquez Floro</a>",CC0
limon/sana/005.jpg,limon,sana,lemon fruit,File:20210812 Lemon Drop chilis 001-012.jpg,https://thumb.wikimedia.org/wikipedia/commons/thumb/7/7b/20210812_Lemon_Drop_chilis_001-012.jpg/960px-20210812_Lemon_Drop_chilis_001-012.jpg?utm_source=commons.wikimedia.org&utm_campaign=imageinfo&utm_content=thumbnail,"<a href=""//commons.wikimedia.org/wiki/User:Zinnmann"" title=""User:Zinnmann"">Zinnmann</a>",CC BY-SA 3.0
limon/sana/006.jpg,limon,sana,lemon fruit,File:Citrus x limon - Köhler–s Medizinal-Pflanzen-041.jpg,https://upload.wikimedia.org/wikipedia/commons/8/8f/Citrus_x_limon_-_K%C3%B6hler%E2%80%93s_Medizinal-Pflanzen-041.jpg?utm_source=commons.wikimedia.org&utm_campaign=imageinfo&utm_content=thumbnail_unscaled,"Franz Eugen Köhler, <i>Köhler's Medizinal-Pflanzen</i>",Public domain
limon/sana/007.jpg,limon,sana,lemon fruit,File:Citrus × limon Meyeri - fruits.jpg,https://thumb.wikimedia.org/wikipedia/commons/thumb/c/c9/Citrus_%C3%97_limon_Meyeri_-_fruits.jpg/960px-Citrus_%C3%97_limon_Meyeri_-_fruits.jpg?utm_source=commons.wikimedia.org&utm_campaign=imageinfo&utm_content=thumbnail,"<a href=""https://de.wikipedia.org/wiki/Benutzer:Genet"" class=""extiw"" title=""de:Benutzer:Genet"">Genet</a> (<a href=""https://de.wikipedia.org/wiki/Benutzer_Diskussion:Genet"" class=""extiw"" title=""de:Benu",CC BY-SA 3.0 de
limon/sana/008.jpg,limon,sana,lemon fruit,File:Dry fruits lemon hk.jpg,https://thumb.wikimedia.org/wikipedia/commons/thumb/8/81/Dry_fruits_lemon_hk.jpg/960px-Dry_fruits_lemon_hk.jpg?utm_source=commons.wikimedia.org&utm_campaign=imageinfo&utm_content=thumbnail,"<a href=""//commons.wikimedia.org/wiki/User:SUBARUsti2020hk"" title=""User:SUBARUsti2020hk"">SUBARUsti2020hk</a>",CC BY-SA 4.0
mango/sana/001.jpg,mango,sana,mango fruit,File:An unripe mango in jaffna.JPG,https://thumb.wikimedia.org/wikipedia/commons/thumb/5/59/An_unripe_mango_in_jaffna.JPG/960px-An_unripe_mango_in_jaffna.JPG?utm_source=commons.wikimedia.org&utm_campaign=imageinfo&utm_content=thumbnail,"<a href=""//commons.wikimedia.org/wiki/User:Aathavan_jaffna"" title=""User:Aathavan jaffna"">Aathavan jaffna</a>",CC BY-SA 3.0
mango/sana/002.jpg,mango,sana,mango fruit,File:Apple mango and cross section edit1.jpg,https://thumb.wikimedia.org/wikipedia/commons/thumb/9/92/Apple_mango_and_cross_section_edit1.jpg/960px-Apple_mango_and_cross_section_edit1.jpg?utm_source=commons.wikimedia.org&utm_campaign=imageinfo&utm_content=thumbnail,"<b><a href=""https://en.wikipedia.org/wiki/User:Muhammad_Mahdi_Karim"" class=""extiw"" title=""w:User:Muhammad Mahdi Karim"">Muhammad Mahdi Karim</a></b>",GFDL
mango/sana/003.jpg,mango,sana,mango fruit,"File:Chopped Amrapali mango on a tree, Kurigram, Bangladesh.jpg",https://thumb.wikimedia.org/wikipedia/commons/thumb/3/3e/Chopped_Amrapali_mango_on_a_tree%2C_Kurigram%2C_Bangladesh.jpg/960px-Chopped_Amrapali_mango_on_a_tree%2C_Kurigram%2C_Bangladesh.jpg?utm_source=commons.wikimedia.org&utm_campaign=imageinfo&utm_content=thumbnail,"<a href=""//commons.wikimedia.org/wiki/User:Tanvir_Rahat"" title=""User:Tanvir Rahat"">Tanvir Rahat</a>",CC BY-SA 4.0
mango/sana/004.jpg,mango,sana,mango fruit,File:Conjoined twins mango fruit (2).jpg,https://thumb.wikimedia.org/wikipedia/commons/thumb/2/21/Conjoined_twins_mango_fruit_%282%29.jpg/960px-Conjoined_twins_mango_fruit_%282%29.jpg?utm_source=commons.wikimedia.org&utm_campaign=imageinfo&utm_content=thumbnail,"<a href=""//commons.wikimedia.org/wiki/User:Eliran_t"" title=""User:Eliran t"">Eliran t</a>",CC BY-SA 4.0
mango/sana/005.jpg,mango,sana,mango fruit,"File:Khairdeen, alias Pritam, relishing a mango at the dusk of his life 05.jpg",https://thumb.wikimedia.org/wikipedia/commons/thumb/8/8f/Khairdeen%2C_alias_Pritam%2C_relishing_a_mango_at_the_dusk_of_his_life_05.jpg/960px-Khairdeen%2C_alias_Pritam%2C_relishing_a_mango_at_the_dusk_of_his_life_05.jpg?utm_source=commons.wikimedia.org&utm_campaign=imageinfo&utm_content=thumbnail,"<a href=""//commons.wikimedia.org/wiki/User:Satdeep_Gill"" title=""User:Satdeep Gill"">Satdeep Gill</a>",CC BY-SA 4.0
mango/sana/006.jpg,mango,sana,mango fruit,File:Mangifera indica 0005.jpg,https://thumb.wikimedia.org/wikipedia/commons/thumb/a/a1/Mangifera_indica_0005.jpg/960px-Mangifera_indica_0005.jpg?utm_source=commons.wikimedia.org&utm_campaign=imageinfo&utm_content=thumbnail,"<a href=""//commons.wikimedia.org/wiki/User:Atamari"" title=""User:Atamari"">Atamari</a>",CC BY-SA 3.0
mango/sana/007.jpg,mango,sana,mango fruit,File:Mangifera indica fruit in India.jpg,https://thumb.wikimedia.org/wikipedia/commons/thumb/d/d3/Mangifera_indica_fruit_in_India.jpg/960px-Mangifera_indica_fruit_in_India.jpg?utm_source=commons.wikimedia.org&utm_campaign=imageinfo&utm_content=thumbnail,"<a href=""//commons.wikimedia.org/wiki/User:%E0%A6%AE%E0%A7%8C%E0%A6%9A%E0%A7%81%E0%A6%AE%E0%A7%80"" class=""mw-redirect"" title=""User:মৌচুমী"">মৌচুমী</a>",CC BY-SA 3.0
mango/sana/008.jpg,mango,sana,mango fruit,File:Mangifera indica pit.jpg,https://thumb.wikimedia.org/wikipedia/commons/thumb/8/8a/Mangifera_indica_pit.jpg/960px-Mangifera_indica_pit.jpg?utm_source=commons.wikimedia.org&utm_campaign=imageinfo&utm_content=thumbnail,"<a href=""//commons.wikimedia.org/w/index.php?title=User:An.ha&amp;action=edit&amp;redlink=1"" class=""new"" title=""User:An.ha (page does not exist)"">An.ha</a>",CC BY-SA 4.0
naranja/sana/001.jpg,naranja,sana,orange fruit,File:001 2014 03 19 Obst.jpg,https://thumb.wikimedia.org/wikipedia/commons/thumb/8/8e/001_2014_03_19_Obst.jpg/960px-001_2014_03_19_Obst.jpg?utm_source=commons.wikimedia.org&utm_campaign=imageinfo&utm_content=thumbnail,"<b><a href=""//commons.wikimedia.org/wiki/User:F._Riedelio"" title=""User:F. Riedelio"">Friedrich Haag</a></b>",CC BY-SA 4.0
naranja/sana/002.jpg,naranja,sana,orange fruit,File:16-09-17-WikiLovesCocktails-Zutaten-Img0158.jpg,https://thumb.wikimedia.org/wikipedia/commons/thumb/a/a9/16-09-17-WikiLovesCocktails-Zutaten-Img0158.jpg/960px-16-09-17-WikiLovesCocktails-Zutaten-Img0158.jpg?utm_source=commons.wikimedia.org&utm_campaign=imageinfo&utm_content=thumbnail,"<bdi><a href=""https://www.wikidata.org/wiki/Q15080600"" class=""extiw"" title=""d:Q15080600""><span title=""German civil engineer and photographer"">Ralf Roletschek</span></a></bdi>",GFDL 1.2
naranja/sana/003.jpg,naranja,sana,orange fruit,File:A fruit stand in Mauritius.jpg,https://thumb.wikimedia.org/wikipedia/commons/thumb/8/83/A_fruit_stand_in_Mauritius.jpg/960px-A_fruit_stand_in_Mauritius.jpg?utm_source=commons.wikimedia.org&utm_campaign=imageinfo&utm_content=thumbnail,"<a rel=""nofollow"" class=""external text"" href=""https://www.flickr.com/people/13307692@N00"">Allen Brewer</a> from Baltimore, MD, USA",CC BY 2.0
naranja/sana/004.jpg,naranja,sana,orange fruit,File:Ambersweet oranges.jpg,https://thumb.wikimedia.org/wikipedia/commons/thumb/4/43/Ambersweet_oranges.jpg/960px-Ambersweet_oranges.jpg?utm_source=commons.wikimedia.org&utm_campaign=imageinfo&utm_content=thumbnail,,Public domain
naranja/sana/005.jpg,naranja,sana,orange fruit,File:Apricots Oranges and Saturn Peaches at Broadstairs Kent England.jpg,https://thumb.wikimedia.org/wikipedia/commons/thumb/1/17/Apricots_Oranges_and_Saturn_Peaches_at_Broadstairs_Kent_England.jpg/960px-Apricots_Oranges_and_Saturn_Peaches_at_Broadstairs_Kent_England.jpg?utm_source=commons.wikimedia.org&utm_campaign=imageinfo&utm_content=thumbnail,"<a href=""//commons.wikimedia.org/wiki/User:Acabashi"" title=""User:Acabashi"">Acabashi</a>",CC BY-SA 4.0
naranja/sana/006.jpg,naranja,sana,orange fruit,File:Banana and Orange in Yuen Long.jpg,https://thumb.wikimedia.org/wikipedia/commons/thumb/e/e0/Banana_and_Orange_in_Yuen_Long.jpg/960px-Banana_and_Orange_in_Yuen_Long.jpg?utm_source=commons.wikimedia.org&utm_campaign=imageinfo&utm_content=thumbnail,"<a href=""//commons.wikimedia.org/wiki/User:Peachyeung316"" title=""User:Peachyeung316"">Peachyeung316</a>",CC BY-SA 4.0
naranja/sana/007.jpg,naranja,sana,orange fruit,File:Blood orange (DSCF7480).jpg,https://thumb.wikimedia.org/wikipedia/commons/thumb/f/fb/Blood_orange_%28DSCF7480%29.jpg/960px-Blood_orange_%28DSCF7480%29.jpg?utm_source=commons.wikimedia.org&utm_campaign=imageinfo&utm_content=thumbnail,"<a href=""//commons.wikimedia.org/wiki/User:Trougnouf"" title=""User:Trougnouf"">Trougnouf (Benoit Brummer)</a>",CC BY 4.0
naranja/sana/008.jpg,naranja,sana,orange fruit,File:Blood orange slice.jpg,https://thumb.wikimedia.org/wikipedia/commons/thumb/2/2c/Blood_orange_slice.jpg/960px-Blood_orange_slice.jpg?utm_source=commons.wikimedia.org&utm_campaign=imageinfo&utm_content=thumbnail,"<a href=""//commons.wikimedia.org/wiki/User:Rhododendrites"" title=""User:Rhododendrites"">Rhododendrites</a>",CC BY-SA 4.0
pina/sana/001.jpg,pina,sana,pineapple fruit,File:A bowel of sliced Pineapple.jpg,https://thumb.wikimedia.org/wikipedia/commons/thumb/4/49/A_bowel_of_sliced_Pineapple.jpg/960px-A_bowel_of_sliced_Pineapple.jpg?utm_source=commons.wikimedia.org&utm_campaign=imageinfo&utm_content=thumbnail,"<a href=""//commons.wikimedia.org/wiki/User:Dammy_Kaka"" title=""User:Dammy Kaka"">Dammy Kaka</a>",CC BY-SA 4.0
pina/sana/002.jpg,pina,sana,pineapple fruit,File:A pineapple plant.jpg,https://upload.wikimedia.org/wikipedia/commons/1/1c/A_pineapple_plant.jpg?utm_source=commons.wikimedia.org&utm_campaign=imageinfo&utm_content=thumbnail_unscaled,"<a href=""//commons.wikimedia.org/wiki/User:ASally_Ruth"" title=""User:ASally Ruth"">ASally Ruth</a>",CC BY-SA 4.0
pina/sana/003.jpg,pina,sana,pineapple fruit,File:Ananas~May 2008-1.jpg,https://thumb.wikimedia.org/wikipedia/commons/thumb/7/7a/Ananas~May_2008-1.jpg/960px-Ananas~May_2008-1.jpg?utm_source=commons.wikimedia.org&utm_campaign=imageinfo&utm_content=thumbnail,"<a href=""//commons.wikimedia.org/wiki/User:Alvesgaspar"" title=""User:Alvesgaspar"">Alvesgaspar</a>",CC BY-SA 3.0
pina/sana/004.jpg,pina,sana,pineapple fruit,File:Batido de piña.jpg,https://thumb.wikimedia.org/wikipedia/commons/thumb/3/3b/Batido_de_pi%C3%B1a.jpg/960px-Batido_de_pi%C3%B1a.jpg?utm_source=commons.wikimedia.org&utm_campaign=imageinfo&utm_content=thumbnail,"<a href=""//commons.wikimedia.org/wiki/User:El_Mono_Espa%C3%B1ol"" title=""User:El Mono Español"">El Mono Español</a>",CC BY-SA 4.0
pina/sana/005.jpg,pina,sana,pineapple fruit,File:Blended Pineapple.jpg,https://thumb.wikimedia.org/wikipedia/commons/thumb/7/77/Blended_Pineapple.jpg/960px-Blended_Pineapple.jpg?utm_source=commons.wikimedia.org&utm_campaign=imageinfo&utm_content=thumbnail,"<a href=""//commons.wikimedia.org/wiki/User:Dammy_Kaka"" title=""User:Dammy Kaka"">Dammy Kaka</a>",CC BY-SA 4.0
pina/sana/006.jpg,pina,sana,pineapple fruit,File:Flickr - brewbooks - Ananas comosus - Pineapple (1).jpg,https://thumb.wikimedia.org/wikipedia/commons/thumb/d/db/Flickr_-_brewbooks_-_Ananas_comosus_-_Pineapple_%281%29.jpg/960px-Flickr_-_brewbooks_-_Ananas_comosus_-_Pineapple_%281%29.jpg?utm_source=commons.wikimedia.org&utm_campaign=imageinfo&utm_content=thumbnail,"<a rel=""nofollow"" class=""external text"" href=""https://www.flickr.com/people/93452909@N00"">brewbooks</a> from near Seattle, USA",CC BY-SA 2.0
pina/sana/007.jpg,pina,sana,pineapple fruit,File:Fresh pineapple and mango.jpg,https://thumb.wikimedia.org/wikipedia/commons/thumb/4/40/Fresh_pineapple_and_mango.jpg/960px-Fresh_pineapple_and_mango.jpg?utm_source=commons.wikimedia.org&utm_campaign=imageinfo&utm_content=thumbnail,"<a href=""//commons.wikimedia.org/w/index.php?title=User:Joseph_Sly1015&amp;action=edit&amp;redlink=1"" class=""new"" title=""User:Joseph Sly1015 (page does not exist)"">Joseph Sly1015</a>",CC BY-SA 4.0
pina/sana/008.jpg,pina,sana,pineapple fruit,File:Fruit Reference -12.jpg,https://thumb.wikimedia.org/wikipedia/commons/thumb/6/63/Fruit_Reference_-12.jpg/960px-Fruit_Reference_-12.jpg?utm_source=commons.wikimedia.org&utm_campaign=imageinfo&utm_content=thumbnail,claralieu,CC BY 2.0
fresa/sana/001.jpg,fresa,sana,strawberry fruit,File:A fruiting “Ingram's Frogmore Late Pine” strawberry plant (Fr Wellcome V0044427.jpg,https://thumb.wikimedia.org/wikipedia/commons/thumb/c/c1/A_fruiting_%E2%80%9CIngram%27s_Frogmore_Late_Pine%E2%80%9D_strawberry_plant_%28Fr_Wellcome_V0044427.jpg/960px-A_fruiting_%E2%80%9CIngram%27s_Frogmore_Late_Pine%E2%80%9D_strawberry_plant_%28Fr_Wellcome_V0044427.jpg?utm_source=commons.wikimedia.org&utm_campaign=imageinfo&utm_content=thumbnail,,CC BY 4.0
fresa/sana/002.jpg,fresa,sana,strawberry fruit,File:A fruiting ”Ingram's Frogmore Late Pine” strawberry plant (Fr Wellcome V0044427 (cropped).jpg,https://upload.wikimedia.org/wikipedia/commons/8/81/A_fruiting_%E2%80%9DIngram%27s_Frogmore_Late_Pine%E2%80%9D_strawberry_plant_%28Fr_Wellcome_V0044427_%28cropped%29.jpg?utm_source=commons.wikimedia.org&utm_campaign=imageinfo&utm_content=thumbnail_unscaled,,CC BY 4.0
fresa/sana/003.jpg,fresa,sana,strawberry fruit,File:Big strawberry small strawberry.jpg,https://thumb.wikimedia.org/wikipedia/commons/thumb/7/76/Big_strawberry_small_strawberry.jpg/960px-Big_strawberry_small_strawberry.jpg?utm_source=commons.wikimedia.org&utm_campaign=imageinfo&utm_content=thumbnail,"<a href=""//commons.wikimedia.org/wiki/User:Dllu"" title=""User:Dllu"">Dllu</a>",CC BY-SA 4.0
fresa/sana/004.jpg,fresa,sana,strawberry fruit,File:Canned pear juice strawberry 🥫.jpg,https://thumb.wikimedia.org/wikipedia/commons/thumb/c/c2/Canned_pear_juice_strawberry_%F0%9F%A5%AB.jpg/960px-Canned_pear_juice_strawberry_%F0%9F%A5%AB.jpg?utm_source=commons.wikimedia.org&utm_campaign=imageinfo&utm_content=thumbnail,"<a href=""//commons.wikimedia.org/wiki/User:Fumikas_Sagisavas"" title=""User:Fumikas Sagisavas"">Fumikas Sagisavas</a>",CC0
fresa/sana/005.jpg,fresa,sana,strawberry fruit,File:Erdbeerschalen Viktualienmarkt München.jpg,https://thumb.wikimedia.org/wikipedia/commons/thumb/d/d3/Erdbeerschalen_Viktualienmarkt_M%C3%BCnchen.jpg/960px-Erdbeerschalen_Viktualienmarkt_M%C3%BCnchen.jpg?utm_source=commons.wikimedia.org&utm_campaign=imageinfo&utm_content=thumbnail,"<b><a href=""//commons.wikimedia.org/wiki/User:Der_Wolf_im_Wald"" title=""User:Der Wolf im Wald"">Thomas Wolf</a></b>, <small><a rel=""nofollow"" class=""external text"" href=""http://www.foto-tw.de"">www.foto-",CC BY-SA 3.0 de
fresa/sana/006.jpg,fresa,sana,strawberry fruit,File:Fragaria vesca fruit - Keila.jpg,https://thumb.wikimedia.org/wikipedia/commons/thumb/7/7a/Fragaria_vesca_fruit_-_Keila.jpg/960px-Fragaria_vesca_fruit_-_Keila.jpg?utm_source=commons.wikimedia.org&utm_campaign=imageinfo&utm_content=thumbnail,"<div class=""fn value"">
<a href=""//commons.wikimedia.org/wiki/User:Iifar"" title=""User:Iifar"">Ivar Leidus</a></div>",CC BY-SA 4.0
fresa/sana/007.jpg,fresa,sana,strawberry fruit,File:FraiseFruitPhoto.jpg,https://upload.wikimedia.org/wikipedia/commons/d/de/FraiseFruitPhoto.jpg?utm_source=commons.wikimedia.org&utm_campaign=imageinfo&utm_content=thumbnail_unscaled,"<a href=""//commons.wikimedia.org/wiki/User:FoeNyx"" title=""User:FoeNyx"">FoeNyx</a>, France",CC BY-SA 3.0
fresa/sana/008.jpg,fresa,sana,strawberry fruit,File:GD 廣東 Guangdong 東莞 Dongguan 民盈 國貿城 DC Mall shop BLT Supermarket food fruit red 士多啤梨 strawberry December 2024 R12S 01.jpg,https://thumb.wikimedia.org/wikipedia/commons/thumb/3/31/GD_%E5%BB%A3%E6%9D%B1_Guangdong_%E6%9D%B1%E8%8E%9E_Dongguan_%E6%B0%91%E7%9B%88_%E5%9C%8B%E8%B2%BF%E5%9F%8E_DC_Mall_shop_BLT_Supermarket_food_fruit_red_%E5%A3%AB%E5%A4%9A%E5%95%A4%E6%A2%A8_strawberry_December_2024_R12S_01.jpg/960px-GD_%E5%BB%A3%E6%9D%B1_Guangdong_%E6%9D%B1%E8%8E%9E_Dongguan_%E6%B0%91%E7%9B%88_%E5%9C%8B%E8%B2%BF%E5%9F%8E_DC_Mall_shop_BLT_Supermarket_food_fruit_red_%E5%A3%AB%E5%A4%9A%E5%95%A4%E6%A2%A8_strawberry_December_2024_R12S_01.jpg?utm_source=commons.wikimedia.org&utm_campaign=imageinfo&utm_content=thumbnail,"<a href=""//commons.wikimedia.org/wiki/User:NAS_238_WMMNO"" title=""User:NAS 238 WMMNO"">NAS 238 WMMNO</a>",CC0
sandia/sana/001.jpg,sandia,sana,watermelon fruit,"File:02023 1189 Fruit of Poland, watermelon drink.jpg",https://thumb.wikimedia.org/wikipedia/commons/thumb/4/42/02023_1189_Fruit_of_Poland%2C_watermelon_drink.jpg/960px-02023_1189_Fruit_of_Poland%2C_watermelon_drink.jpg?utm_source=commons.wikimedia.org&utm_campaign=imageinfo&utm_content=thumbnail,"<a href=""//commons.wikimedia.org/w/index.php?title=User:Silar&amp;action=edit&amp;redlink=1"" class=""new"" title=""User:Silar (page does not exist)"">Silar</a>",CC BY-SA 4.0
sandia/sana/002.jpg,sandia,sana,watermelon fruit,File:A water melon fruit buyer.jpg,https://thumb.wikimedia.org/wikipedia/commons/thumb/4/4d/A_water_melon_fruit_buyer.jpg/960px-A_water_melon_fruit_buyer.jpg?utm_source=commons.wikimedia.org&utm_campaign=imageinfo&utm_content=thumbnail,"<a href=""//commons.wikimedia.org/w/index.php?title=User:Oluwaseyi_Ale&amp;action=edit&amp;redlink=1"" class=""new"" title=""User:Oluwaseyi Ale (page does not exist)"">Oluwaseyi Ale</a>",CC BY-SA 4.0
sandia/sana/003.jpg,sandia,sana,watermelon fruit,File:A watermelon in the water.jpg,https://thumb.wikimedia.org/wikipedia/commons/thumb/7/79/A_watermelon_in_the_water.jpg/960px-A_watermelon_in_the_water.jpg?utm_source=commons.wikimedia.org&utm_campaign=imageinfo&utm_content=thumbnail,"<a href=""//commons.wikimedia.org/wiki/User:Humoyun_Mehridinov"" title=""User:Humoyun Mehridinov"">Humoyun Mehridinov</a>",CC BY-SA 4.0
sandia/sana/004.jpg,sandia,sana,watermelon fruit,File:A wheelbarrow full of Watermelons.jpg,https://thumb.wikimedia.org/wikipedia/commons/thumb/8/88/A_wheelbarrow_full_of_Watermelons.jpg/960px-A_wheelbarrow_full_of_Watermelons.jpg?utm_source=commons.wikimedia.org&utm_campaign=imageinfo&utm_content=thumbnail,"<a href=""//commons.wikimedia.org/w/index.php?title=User:James_Rhoda&amp;action=edit&amp;redlink=1"" class=""new"" title=""User:James Rhoda (page does not exist)"">James Rhoda</a>",CC BY-SA 4.0
sandia/sana/005.jpg,sandia,sana,watermelon fruit,File:Black mango watermelon 2.jpg,https://thumb.wikimedia.org/wikipedia/commons/thumb/2/22/Black_mango_watermelon_2.jpg/960px-Black_mango_watermelon_2.jpg?utm_source=commons.wikimedia.org&utm_campaign=imageinfo&utm_content=thumbnail,lazy fri13th,CC BY 2.0
sandia/sana/006.jpg,sandia,sana,watermelon fruit,"File:Carved papaya, watermelon, and honeydew melon from Malaysia.jpg",https://upload.wikimedia.org/wikipedia/commons/3/3b/Carved_papaya%2C_watermelon%2C_and_honeydew_melon_from_Malaysia.jpg?utm_source=commons.wikimedia.org&utm_campaign=imageinfo&utm_content=thumbnail_unscaled,"<a href=""//commons.wikimedia.org/w/index.php?title=User:Ezehelm&amp;action=edit&amp;redlink=1"" class=""new"" title=""User:Ezehelm (page does not exist)"">Ezehelm</a>",CC BY-SA 4.0
sandia/sana/007.jpg,sandia,sana,watermelon fruit,"File:Cube Watermelon displayed for sale in Tokyo - Jul 19, 2007.jpg",https://thumb.wikimedia.org/wikipedia/commons/thumb/4/46/Cube_Watermelon_displayed_for_sale_in_Tokyo_-_Jul_19%2C_2007.jpg/960px-Cube_Watermelon_displayed_for_sale_in_Tokyo_-_Jul_19%2C_2007.jpg?utm_source=commons.wikimedia.org&utm_campaign=imageinfo&utm_content=thumbnail,kantokuruza,CC BY-SA 2.0
sandia/sana/008.jpg,sandia,sana,watermelon fruit,File:Cut watermelon squared circle - Flickr - Muffet.jpg,https://thumb.wikimedia.org/wikipedia/commons/thumb/7/7f/Cut_watermelon_squared_circle_-_Flickr_-_Muffet.jpg/960px-Cut_watermelon_squared_circle_-_Flickr_-_Muffet.jpg?utm_source=commons.wikimedia.org&utm_campaign=imageinfo&utm_content=thumbnail,"<a rel=""nofollow"" class=""external text"" href=""https://www.flickr.com/people/53133240@N00"">liz west</a> from Boxborough, MA, USA",CC BY 2.0
manzana/alterada/001.jpg,manzana,alterada,rotten apple,File:121811469-rotten-apple-on-white-in-top-view.jpg,https://upload.wikimedia.org/wikipedia/commons/0/07/121811469-rotten-apple-on-white-in-top-view.jpg?utm_source=commons.wikimedia.org&utm_campaign=imageinfo&utm_content=thumbnail_unscaled,"<a href=""//commons.wikimedia.org/w/index.php?title=User:Anouar_bg&amp;action=edit&amp;redlink=1"" class=""new"" title=""User:Anouar bg (page does not exist)"">Anouar bg</a>",CC BY-SA 4.0
manzana/alterada/002.jpg,manzana,alterada,rotten apple,File:A pile rotten apples.JPG,https://thumb.wikimedia.org/wikipedia/commons/thumb/4/40/A_pile_rotten_apples.JPG/960px-A_pile_rotten_apples.JPG?utm_source=commons.wikimedia.org&utm_campaign=imageinfo&utm_content=thumbnail,"<a href=""//commons.wikimedia.org/wiki/User:Jotpe"" title=""User:Jotpe"">Jotpe</a>",CC BY-SA 4.0
manzana/alterada/003.jpg,manzana,alterada,rotten apple,File:Apple fruit rot disease with insect damage on the ground by baby-bear.org Natalka Ukraine.jpg,https://thumb.wikimedia.org/wikipedia/commons/thumb/6/6e/Apple_fruit_rot_disease_with_insect_damage_on_the_ground_by_baby-bear.org_Natalka_Ukraine.jpg/960px-Apple_fruit_rot_disease_with_insect_damage_on_the_ground_by_baby-bear.org_Natalka_Ukraine.jpg?utm_source=commons.wikimedia.org&utm_campaign=imageinfo&utm_content=thumbnail,"<a href=""//commons.wikimedia.org/wiki/User:Natalka_Ukraine"" title=""User:Natalka Ukraine"">Natalka Ukraine</a> (<a rel=""nofollow"" class=""external text"" href=""https://baby-bear.org"">baby-bear.org</a>)",CC BY 4.0
manzana/alterada/004.jpg,manzana,alterada,rotten apple,File:Braeburn-2fine-rotten.jpg,https://thumb.wikimedia.org/wikipedia/commons/thumb/b/bd/Braeburn-2fine-rotten.jpg/960px-Braeburn-2fine-rotten.jpg?utm_source=commons.wikimedia.org&utm_campaign=imageinfo&utm_content=thumbnail,"<a href=""//commons.wikimedia.org/wiki/User:MartinThoma"" title=""User:MartinThoma"">MartinThoma</a>",CC0
manzana/alterada/005.jpg,manzana,alterada,rotten apple,File:Monilinia fructigena brown rot on fallen apple in Ukraine by baby-bear.org Natalka Ukraine.jpg,https://thumb.wikimedia.org/wikipedia/commons/thumb/a/ad/Monilinia_fructigena_brown_rot_on_fallen_apple_in_Ukraine_by_baby-bear.org_Natalka_Ukraine.jpg/960px-Monilinia_fructigena_brown_rot_on_fallen_apple_in_Ukraine_by_baby-bear.org_Natalka_Ukraine.jpg?utm_source=commons.wikimedia.org&utm_campaign=imageinfo&utm_content=thumbnail,"<a href=""//commons.wikimedia.org/wiki/User:Natalka_Ukraine"" title=""User:Natalka Ukraine"">Natalka Ukraine</a> (<a rel=""nofollow"" class=""external text"" href=""https://baby-bear.org"">baby-bear.org</a>)",CC BY 4.0
manzana/alterada/006.jpg,manzana,alterada,rotten apple,File:Mummified apple fruit infected with Monilinia on a branch by baby-bear.org Natalka Ukraine.jpg,https://thumb.wikimedia.org/wikipedia/commons/thumb/7/7b/Mummified_apple_fruit_infected_with_Monilinia_on_a_branch_by_baby-bear.org_Natalka_Ukraine.jpg/960px-Mummified_apple_fruit_infected_with_Monilinia_on_a_branch_by_baby-bear.org_Natalka_Ukraine.jpg?utm_source=commons.wikimedia.org&utm_campaign=imageinfo&utm_content=thumbnail,"<a href=""//commons.wikimedia.org/wiki/User:Natalka_Ukraine"" title=""User:Natalka Ukraine"">Natalka Ukraine</a> (<a rel=""nofollow"" class=""external text"" href=""https://baby-bear.org"">baby-bear.org</a>)",CC BY 4.0
manzana/alterada/007.jpg,manzana,alterada,rotten apple,File:Operation Rotten Apple Press Conference (55501325677).jpg,https://thumb.wikimedia.org/wikipedia/commons/thumb/7/7b/Operation_Rotten_Apple_Press_Conference_%2855501325677%29.jpg/960px-Operation_Rotten_Apple_Press_Conference_%2855501325677%29.jpg?utm_source=commons.wikimedia.org&utm_campaign=imageinfo&utm_content=thumbnail,"<a rel=""nofollow"" class=""external text"" href=""https://www.flickr.com/people/dhsgov/"">DHSgov</a>",Public domain
banano/alterada/001.jpg,banano,alterada,rotten banana,File:AKK 8-009 -10 Eleele Panama peduncle 3199.jpg,https://thumb.wikimedia.org/wikipedia/commons/thumb/d/d0/AKK_8-009_-10_Eleele_Panama_peduncle_3199.jpg/960px-AKK_8-009_-10_Eleele_Panama_peduncle_3199.jpg?utm_source=commons.wikimedia.org&utm_campaign=imageinfo&utm_content=thumbnail,Plant pests and diseases,CC0
banano/alterada/002.jpg,banano,alterada,rotten banana,File:AZ Rotten Bananas Butte 313139 1972 24000 geo (TIF).tif,https://thumb.wikimedia.org/wikipedia/commons/thumb/3/3c/AZ_Rotten_Bananas_Butte_313139_1972_24000_geo_%28TIF%29.tif/lossy-page1-960px-AZ_Rotten_Bananas_Butte_313139_1972_24000_geo_%28TIF%29.tif.jpg?utm_source=commons.wikimedia.org&utm_campaign=imageinfo&utm_content=thumbnail,USGS,Public domain
banano/alterada/003.jpg,banano,alterada,rotten banana,File:American journal of pharmacy (1829) (14757586216).jpg,https://thumb.wikimedia.org/wikipedia/commons/thumb/6/6d/American_journal_of_pharmacy_%281829%29_%2814757586216%29.jpg/960px-American_journal_of_pharmacy_%281829%29_%2814757586216%29.jpg?utm_source=commons.wikimedia.org&utm_campaign=imageinfo&utm_content=thumbnail,Philadelphia College of Pharmacy and Science,No restrictions
banano/alterada/004.jpg,banano,alterada,rotten banana,File:Black-banana.JPG,https://thumb.wikimedia.org/wikipedia/commons/thumb/0/0d/Black-banana.JPG/960px-Black-banana.JPG?utm_source=commons.wikimedia.org&utm_campaign=imageinfo&utm_content=thumbnail,"<a href=""//commons.wikimedia.org/wiki/User:TwoWings"" title=""User:TwoWings"">TwoWings</a>",Public domain
banano/alterada/005.jpg,banano,alterada,rotten banana,File:Kommuner grad.png,https://upload.wikimedia.org/wikipedia/commons/4/4f/Kommuner_grad.png?utm_source=commons.wikimedia.org&utm_campaign=imageinfo&utm_content=thumbnail_unscaled,Michiel1972,CC0
banano/alterada/006.jpg,banano,alterada,rotten banana,File:Lithophane lanei CSU ENT1144962.jpg,https://thumb.wikimedia.org/wikipedia/commons/thumb/1/13/Lithophane_lanei_CSU_ENT1144962.jpg/960px-Lithophane_lanei_CSU_ENT1144962.jpg?utm_source=commons.wikimedia.org&utm_campaign=imageinfo&utm_content=thumbnail,"CSU, Department of Bioagricultural Sciences and Pest Management",CC0
banano/alterada/007.jpg,banano,alterada,rotten banana,File:Lithophane scottae CSU ENT1144964.jpg,https://thumb.wikimedia.org/wikipedia/commons/thumb/b/be/Lithophane_scottae_CSU_ENT1144964.jpg/960px-Lithophane_scottae_CSU_ENT1144964.jpg?utm_source=commons.wikimedia.org&utm_campaign=imageinfo&utm_content=thumbnail,"CSU, Department of Bioagricultural Sciences and Pest Management",CC0
cereza/alterada/001.jpg,cereza,alterada,rotten cherries,"File:2026-04-05 16 13 48 American Holly sapling emerging from a rotten hollow within a Cherry tree at the Mountain View Golf Course in the Mountainview section of Ewing Township, Mercer County, New Jersey.jpg",https://thumb.wikimedia.org/wikipedia/commons/thumb/e/e6/2026-04-05_16_13_48_American_Holly_sapling_emerging_from_a_rotten_hollow_within_a_Cherry_tree_at_the_Mountain_View_Golf_Course_in_the_Mountainview_section_of_Ewing_Township%2C_Mercer_County%2C_New_Jersey.jpg/960px-thumbnail.jpg?utm_source=commons.wikimedia.org&utm_campaign=imageinfo&utm_content=thumbnail,"<a href=""//commons.wikimedia.org/wiki/User:Famartin"" title=""User:Famartin"">Famartin</a>",CC BY-SA 4.0
cereza/alterada/002.jpg,cereza,alterada,rotten cherries,File:An analysis of Pennsylvania's forest resources (1982) (17983461369).jpg,https://thumb.wikimedia.org/wikipedia/commons/thumb/e/eb/An_analysis_of_Pennsylvania%27s_forest_resources_%281982%29_%2817983461369%29.jpg/960px-An_analysis_of_Pennsylvania%27s_forest_resources_%281982%29_%2817983461369%29.jpg?utm_source=commons.wikimedia.org&utm_campaign=imageinfo&utm_content=thumbnail,"<a rel=""nofollow"" class=""external text"" href=""https://www.flickr.com/people/126377022@N07"">Internet Archive Book Images</a>",No restrictions
cereza/alterada/003.jpg,cereza,alterada,rotten cherries,File:Grytebakkbrua.jpg,https://thumb.wikimedia.org/wikipedia/commons/thumb/c/ca/Grytebakkbrua.jpg/960px-Grytebakkbrua.jpg?utm_source=commons.wikimedia.org&utm_campaign=imageinfo&utm_content=thumbnail,"<a href=""//commons.wikimedia.org/wiki/User:Tollef_Salemann"" title=""User:Tollef Salemann"">Tollef Salemann</a>",CC0
cereza/alterada/004.jpg,cereza,alterada,rotten cherries,"File:Our native birds of song and beauty, being a complete history of all the songbirds, flycatchers, hummingbirds, swifts, goatsuckers, woodpeckers, kingfishers, trogons, cuckoos, and parrots, of North (14772267683).jpg",https://thumb.wikimedia.org/wikipedia/commons/thumb/3/3e/Our_native_birds_of_song_and_beauty%2C_being_a_complete_history_of_all_the_songbirds%2C_flycatchers%2C_hummingbirds%2C_swifts%2C_goatsuckers%2C_woodpeckers%2C_kingfishers%2C_trogons%2C_cuckoos%2C_and_parrots%2C_of_North_%2814772267683%29.jpg/960px-thumbnail.jpg?utm_source=commons.wikimedia.org&utm_campaign=imageinfo&utm_content=thumbnail,"<a rel=""nofollow"" class=""external text"" href=""https://www.flickr.com/people/126377022@N07"">Internet Archive Book Images</a>",No restrictions
cereza/alterada/005.jpg,cereza,alterada,rotten cherries,File:Pole dance in second life.jpg,https://thumb.wikimedia.org/wikipedia/commons/thumb/0/01/Pole_dance_in_second_life.jpg/960px-Pole_dance_in_second_life.jpg?utm_source=commons.wikimedia.org&utm_campaign=imageinfo&utm_content=thumbnail,"<a href=""//www.flickr.com/people/58370084@N03"" class=""extiw"" title=""flickruser:58370084@N03"">CiaoBella Mirabella</a>",CC BY-SA 2.0
cereza/alterada/006.jpg,cereza,alterada,rotten cherries,"File:Robert Davies Walk, Lichfield - spire of the Church of St Michael (26441660986).jpg",https://thumb.wikimedia.org/wikipedia/commons/thumb/c/cd/Robert_Davies_Walk%2C_Lichfield_-_spire_of_the_Church_of_St_Michael_%2826441660986%29.jpg/960px-Robert_Davies_Walk%2C_Lichfield_-_spire_of_the_Church_of_St_Michael_%2826441660986%29.jpg?utm_source=commons.wikimedia.org&utm_campaign=imageinfo&utm_content=thumbnail,"<a rel=""nofollow"" class=""external text"" href=""https://www.flickr.com/people/39415781@N06"">Elliott Brown</a> from Birmingham, United Kingdom",CC BY-SA 2.0
cereza/alterada/007.jpg,cereza,alterada,rotten cherries,"File:The watershed, Cherry Lair - geograph.org.uk - 969516.jpg",https://upload.wikimedia.org/wikipedia/commons/7/7d/The_watershed%2C_Cherry_Lair_-_geograph.org.uk_-_969516.jpg?utm_source=commons.wikimedia.org&utm_campaign=imageinfo&utm_content=thumbnail_unscaled,"<a rel=""nofollow"" class=""external text"" href=""https://www.geograph.org.uk/profile/196"">Richard Webb</a>",CC BY-SA 2.0
uva/alterada/001.jpg,uva,alterada,rotten grapes,File:1895 annual descriptive catalogue of seeds (1895) (16479046590).jpg,https://thumb.wikimedia.org/wikipedia/commons/thumb/e/e9/1895_annual_descriptive_catalogue_of_seeds_%281895%29_%2816479046590%29.jpg/960px-1895_annual_descriptive_catalogue_of_seeds_%281895%29_%2816479046590%29.jpg?utm_source=commons.wikimedia.org&utm_campaign=imageinfo&utm_content=thumbnail,"<p>Alfred Bridgeman (Firm);
Bridgeman, Alfred;
</p>
Henry G. Gilbert Nursery and Seed Trade Catalog Collection",No restrictions
uva/alterada/002.jpg,uva,alterada,rotten grapes,File:A Bee on grape.jpg,https://upload.wikimedia.org/wikipedia/commons/e/eb/A_Bee_on_grape.jpg?utm_source=commons.wikimedia.org&utm_campaign=imageinfo&utm_content=thumbnail_unscaled,"<a rel=""nofollow"" class=""external text"" href=""https://www.flickr.com/people/8018931@N05"">Dodo-Bird</a>",CC BY 2.0
uva/alterada/003.jpg,uva,alterada,rotten grapes,File:American bee journal (1918) (18114013425).jpg,https://thumb.wikimedia.org/wikipedia/commons/thumb/e/ee/American_bee_journal_%281918%29_%2818114013425%29.jpg/960px-American_bee_journal_%281918%29_%2818114013425%29.jpg?utm_source=commons.wikimedia.org&utm_campaign=imageinfo&utm_content=thumbnail,"<a rel=""nofollow"" class=""external text"" href=""https://www.flickr.com/people/126377022@N07"">Internet Archive Book Images</a>",No restrictions
uva/alterada/004.jpg,uva,alterada,rotten grapes,File:Bee on a grape.jpg,https://upload.wikimedia.org/wikipedia/commons/9/9f/Bee_on_a_grape.jpg?utm_source=commons.wikimedia.org&utm_campaign=imageinfo&utm_content=thumbnail_unscaled,"<ul><li><a href=""//commons.wikimedia.org/wiki/File:A_Bee_on_grape.jpg"" title=""File:A Bee on grape.jpg"">A_Bee_on_grape.jpg</a>: <a rel=""nofollow"" class=""external text"" href=""https://www.flickr.com/peop",CC BY 2.0
uva/alterada/005.jpg,uva,alterada,rotten grapes,File:Catalogue of the Orange County Nurseries (1896) (20355702878).jpg,https://thumb.wikimedia.org/wikipedia/commons/thumb/a/a5/Catalogue_of_the_Orange_County_Nurseries_%281896%29_%2820355702878%29.jpg/960px-Catalogue_of_the_Orange_County_Nurseries_%281896%29_%2820355702878%29.jpg?utm_source=commons.wikimedia.org&utm_campaign=imageinfo&utm_content=thumbnail,"<a rel=""nofollow"" class=""external text"" href=""https://www.flickr.com/people/126377022@N07"">Internet Archive Book Images</a>",No restrictions
uva/alterada/006.jpg,uva,alterada,rotten grapes,File:Catalogue of the Orange County Nurseries (1897) (20538901112).jpg,https://thumb.wikimedia.org/wikipedia/commons/thumb/2/20/Catalogue_of_the_Orange_County_Nurseries_%281897%29_%2820538901112%29.jpg/960px-Catalogue_of_the_Orange_County_Nurseries_%281897%29_%2820538901112%29.jpg?utm_source=commons.wikimedia.org&utm_campaign=imageinfo&utm_content=thumbnail,"<a rel=""nofollow"" class=""external text"" href=""https://www.flickr.com/people/126377022@N07"">Internet Archive Book Images</a>",No restrictions
uva/alterada/007.jpg,uva,alterada,rotten grapes,File:Italy from the Alps to Mount Etna (1877) (14590653570).jpg,https://thumb.wikimedia.org/wikipedia/commons/thumb/e/e4/Italy_from_the_Alps_to_Mount_Etna_%281877%29_%2814590653570%29.jpg/960px-Italy_from_the_Alps_to_Mount_Etna_%281877%29_%2814590653570%29.jpg?utm_source=commons.wikimedia.org&utm_campaign=imageinfo&utm_content=thumbnail,"<a rel=""nofollow"" class=""external text"" href=""https://www.flickr.com/people/126377022@N07"">Internet Archive Book Images</a>",No restrictions
limon/alterada/001.jpg,limon,alterada,rotten lemon,File:DC Women's March - 32074289650 02.jpg,https://thumb.wikimedia.org/wikipedia/commons/thumb/6/6f/DC_Women%27s_March_-_32074289650_02.jpg/960px-DC_Women%27s_March_-_32074289650_02.jpg?utm_source=commons.wikimedia.org&utm_campaign=imageinfo&utm_content=thumbnail,Liz Lemon,Public domain
limon/alterada/002.jpg,limon,alterada,rotten lemon,File:Punch (1841) (14587695458).jpg,https://thumb.wikimedia.org/wikipedia/commons/thumb/f/f3/Punch_%281841%29_%2814587695458%29.jpg/960px-Punch_%281841%29_%2814587695458%29.jpg?utm_source=commons.wikimedia.org&utm_campaign=imageinfo&utm_content=thumbnail,"<p>Lemon, Mark, 1809-1870;
Mayhew, Henry, 1812-1887;
Taylor, Tom, 1817-1880;
Brooks, Shirley, 1816-1874;
Burnand, F. C. (Francis Cowley), 1836-1917;
</p>
Seaman, Owen, 1861-1936",No restrictions
limon/alterada/003.jpg,limon,alterada,rotten lemon,File:Punch (1841) (14779667381).jpg,https://thumb.wikimedia.org/wikipedia/commons/thumb/1/15/Punch_%281841%29_%2814779667381%29.jpg/960px-Punch_%281841%29_%2814779667381%29.jpg?utm_source=commons.wikimedia.org&utm_campaign=imageinfo&utm_content=thumbnail,"<a rel=""nofollow"" class=""external text"" href=""https://www.flickr.com/people/126377022@N07"">Internet Archive Book Images</a>",No restrictions
limon/alterada/004.jpg,limon,alterada,lemon mold,"File:""Round whites"" or ""Дугуй цагаан"" with mold.png",https://upload.wikimedia.org/wikipedia/commons/5/5c/%22Round_whites%22_or_%22%D0%94%D1%83%D0%B3%D1%83%D0%B9_%D1%86%D0%B0%D0%B3%D0%B0%D0%B0%D0%BD%22_with_mold.png?utm_source=commons.wikimedia.org&utm_campaign=imageinfo&utm_content=thumbnail_unscaled,"<a href=""//commons.wikimedia.org/wiki/User:ChocolateLemon"" title=""User:ChocolateLemon"">ChocolateLemon</a>",CC BY 4.0
limon/alterada/005.jpg,limon,alterada,lemon mold,File:2016-06-29 19-55-50 citron-moisi 22f.jpg,https://thumb.wikimedia.org/wikipedia/commons/thumb/4/42/2016-06-29_19-55-50_citron-moisi_22f.jpg/960px-2016-06-29_19-55-50_citron-moisi_22f.jpg?utm_source=commons.wikimedia.org&utm_campaign=imageinfo&utm_content=thumbnail,"<bdi><a href=""//commons.wikimedia.org/wiki/User:ComputerHotline"" title=""User:ComputerHotline"">Thomas Bresson</a></bdi>",CC BY 4.0
limon/alterada/006.jpg,limon,alterada,lemon mold,File:2016-06-29 19-57-43 citron-moisi 129f.jpg,https://thumb.wikimedia.org/wikipedia/commons/thumb/1/1d/2016-06-29_19-57-43_citron-moisi_129f.jpg/960px-2016-06-29_19-57-43_citron-moisi_129f.jpg?utm_source=commons.wikimedia.org&utm_campaign=imageinfo&utm_content=thumbnail,"<bdi><a href=""//commons.wikimedia.org/wiki/User:ComputerHotline"" title=""User:ComputerHotline"">Thomas Bresson</a></bdi>",CC BY 4.0
limon/alterada/007.jpg,limon,alterada,lemon mold,File:2016-06-29 20-02-16 citron-moisi 174f.jpg,https://thumb.wikimedia.org/wikipedia/commons/thumb/9/97/2016-06-29_20-02-16_citron-moisi_174f.jpg/960px-2016-06-29_20-02-16_citron-moisi_174f.jpg?utm_source=commons.wikimedia.org&utm_campaign=imageinfo&utm_content=thumbnail,"<bdi><a href=""//commons.wikimedia.org/wiki/User:ComputerHotline"" title=""User:ComputerHotline"">Thomas Bresson</a></bdi>",CC BY 4.0
mango/alterada/001.jpg,mango,alterada,rotten mango,File:Rotten Mango Apple.jpg,https://thumb.wikimedia.org/wikipedia/commons/thumb/d/d6/Rotten_Mango_Apple.jpg/960px-Rotten_Mango_Apple.jpg?utm_source=commons.wikimedia.org&utm_campaign=imageinfo&utm_content=thumbnail,"<a href=""//commons.wikimedia.org/wiki/User:Tu7uh"" title=""User:Tu7uh"">Tu7uh</a>",CC BY 3.0
mango/alterada/002.jpg,mango,alterada,rotten mango,File:Rotten mango.jpg,https://thumb.wikimedia.org/wikipedia/commons/thumb/0/05/Rotten_mango.jpg/960px-Rotten_mango.jpg?utm_source=commons.wikimedia.org&utm_campaign=imageinfo&utm_content=thumbnail,"<a href=""//commons.wikimedia.org/wiki/User:Jessephu"" title=""User:Jessephu"">Jessephu</a>",CC BY-SA 4.0
mango/alterada/003.jpg,mango,alterada,rotten mango,"File:The Mango Season , Explored - Flickr - Tamanna (Joyful Reverie).jpg",https://thumb.wikimedia.org/wikipedia/commons/thumb/d/d0/The_Mango_Season_%2C_Explored_-_Flickr_-_Tamanna_%28Joyful_Reverie%29.jpg/960px-The_Mango_Season_%2C_Explored_-_Flickr_-_Tamanna_%28Joyful_Reverie%29.jpg?utm_source=commons.wikimedia.org&utm_campaign=imageinfo&utm_content=thumbnail,"<a rel=""nofollow"" class=""external text"" href=""https://www.flickr.com/people/90191837@N00"">Tamanna (Joyful Reverie)</a>",CC BY 2.0
mango/alterada/004.jpg,mango,alterada,rotten mango,File:The Red Ring and the Rotten Mango.jpg,https://thumb.wikimedia.org/wikipedia/commons/thumb/6/6d/The_Red_Ring_and_the_Rotten_Mango.jpg/960px-The_Red_Ring_and_the_Rotten_Mango.jpg?utm_source=commons.wikimedia.org&utm_campaign=imageinfo&utm_content=thumbnail,"<a href=""//commons.wikimedia.org/w/index.php?title=User:Chris_Jordan237&amp;action=edit&amp;redlink=1"" class=""new"" title=""User:Chris Jordan237 (page does not exist)"">Chris Jordan237</a>",CC BY-SA 4.0
mango/alterada/005.jpg,mango,alterada,mango anthracnose,File:Mango-anthracnose.jpg,https://upload.wikimedia.org/wikipedia/commons/8/82/Mango-anthracnose.jpg?utm_source=commons.wikimedia.org&utm_campaign=imageinfo&utm_content=thumbnail_unscaled,Knowledge Center,CC BY-SA 3.0
mango/alterada/006.jpg,mango,alterada,mango anthracnose,File:Mango-anthracnose (cropped).jpg,https://upload.wikimedia.org/wikipedia/commons/a/a9/Mango-anthracnose_%28cropped%29.jpg?utm_source=commons.wikimedia.org&utm_campaign=imageinfo&utm_content=thumbnail_unscaled,Knowledge Center,CC BY-SA 3.0
mango/alterada/007.jpg,mango,alterada,mango anthracnose,File:Mango (Mangifera indica) Bacterial black spot caused by Xanthomonas citri pv. mangiferae indicae (26832555887).jpg,https://thumb.wikimedia.org/wikipedia/commons/thumb/7/72/Mango_%28Mangifera_indica%29_Bacterial_black_spot_caused_by_Xanthomonas_citri_pv._mangiferae_indicae_%2826832555887%29.jpg/960px-Mango_%28Mangifera_indica%29_Bacterial_black_spot_caused_by_Xanthomonas_citri_pv._mangiferae_indicae_%2826832555887%29.jpg?utm_source=commons.wikimedia.org&utm_campaign=imageinfo&utm_content=thumbnail,"<a rel=""nofollow"" class=""external text"" href=""https://www.flickr.com/people/62295966@N07"">Scot Nelson</a>",CC0
naranja/alterada/001.jpg,naranja,alterada,rotten orange,File:(Vanessa atalanta) Red Admiral.jpg,https://thumb.wikimedia.org/wikipedia/commons/thumb/b/be/%28Vanessa_atalanta%29_Red_Admiral.jpg/960px-%28Vanessa_atalanta%29_Red_Admiral.jpg?utm_source=commons.wikimedia.org&utm_campaign=imageinfo&utm_content=thumbnail,"<a href=""//commons.wikimedia.org/w/index.php?title=User:K0nvaliya&amp;action=edit&amp;redlink=1"" class=""new"" title=""User:K0nvaliya (page does not exist)"">K0nvaliya</a>",CC BY-SA 4.0
naranja/alterada/002.jpg,naranja,alterada,rotten orange,File:2016-06-23 Gymnopilus sapineus group 638406.jpg,https://thumb.wikimedia.org/wikipedia/commons/thumb/a/ad/2016-06-23_Gymnopilus_sapineus_group_638406.jpg/960px-2016-06-23_Gymnopilus_sapineus_group_638406.jpg?utm_source=commons.wikimedia.org&utm_campaign=imageinfo&utm_content=thumbnail,"This image was created by user <a rel=""nofollow"" class=""external text"" href=""https://mushroomobserver.org/observer/show_user/5334"">Igor (Igor_Yevdokimov)</a> at <a rel=""nofollow"" class=""external text""",CC BY-SA 3.0
